City,Product Type,Trip or Order Status,Request Time,Begin Trip Time,Dropoff Time,Distance (miles),Fare Amount,Fare Currency
493,VIP,COMPLETED,2022-02-12 22:44:54 +0000 UTC,2022-02-12 22:53:50 +0000 UTC,2022-02-12 23:16:50 +0000 UTC,5.98583264068907,24.9,BRL
493,VIP,COMPLETED,2022-01-15 22:38:06 +0000 UTC,2022-01-15 22:45:41 +0000 UTC,2022-01-15 22:59:23 +0000 UTC,5.91945805897613,19.92,BRL
493,VIP,COMPLETED,2022-01-10 15:55:33 +0000 UTC,2022-01-10 16:03:45 +0000 UTC,2022-01-10 16:10:47 +0000 UTC,1.37852066851657,9.05,BRL
458,UberX,COMPLETED,2021-12-04 18:54:42 +0000 UTC,2021-12-04 19:06:28 +0000 UTC,2021-12-04 19:21:31 +0000 UTC,2.43370766606561,16.91,BRL
458,UberX,CANCELED,2021-12-04 14:54:34 +0000 UTC,1970-01-01 00:00:00 +0000 UTC,1970-01-01 00:00:00 +0000 UTC,0.0,0.0,BRL
458,UberX,COMPLETED,2021-12-03 17:08:49 +0000 UTC,2021-12-03 17:15:04 +0000 UTC,2021-12-03 17:34:56 +0000 UTC,3.42697825546528,20.91,BRL
458,UberX,COMPLETED,2021-12-03 15:11:50 +0000 UTC,2021-12-03 15:14:38 +0000 UTC,2021-12-03 15:47:07 +0000 UTC,5.78479735954418,35.95,BRL
458,UberX,CANCELED,2021-12-03 11:53:54 +0000 UTC,1970-01-01 00:00:00 +0000 UTC,1970-01-01 00:00:00 +0000 UTC,0.0,0.0,BRL
493,VIP,CANCELED,2021-11-07 16:27:17 +0000 UTC,1970-01-01 00:00:00 +0000 UTC,1970-01-01 00:00:00 +0000 UTC,0.0,0.0,BRL
493,VIP,COMPLETED,2021-11-03 20:32:20 +0000 UTC,2021-11-03 20:42:07 +0000 UTC,2021-11-03 20:51:44 +0000 UTC,1.48384307200589,19.97,BRL
493,UberX Promo,CANCELED,2021-11-03 19:03:55 +0000 UTC,1970-01-01 00:00:00 +0000 UTC,1970-01-01 00:00:00 +0000 UTC,0.0,0.0,BRL
493,VIP,COMPLETED,2021-10-23 16:23:51 +0000 UTC,2021-10-23 16:30:24 +0000 UTC,2021-10-23 16:38:44 +0000 UTC,1.27321656178973,8.95,BRL
493,VIP,COMPLETED,2021-10-23 14:36:13 +0000 UTC,2021-10-23 14:39:40 +0000 UTC,2021-10-23 14:52:41 +0000 UTC,2.61263805326248,13.96,BRL
493,VIP,COMPLETED,2021-10-22 00:12:51 +0000 UTC,2021-10-22 00:16:27 +0000 UTC,2021-10-22 00:25:24 +0000 UTC,1.61915551497994,7.95,BRL
493,VIP,COMPLETED,2021-10-21 20:27:57 +0000 UTC,2021-10-21 20:35:20 +0000 UTC,2021-10-21 20:50:46 +0000 UTC,1.88464210737017,12.93,BRL
493,VIP,COMPLETED,2021-10-17 02:09:16 +0000 UTC,2021-10-17 02:12:50 +0000 UTC,2021-10-17 02:17:35 +0000 UTC,1.28360010285054,10.93,BRL
493,UberEATS Marketplace,COMPLETED,2021-10-12 22:05:58 +0000 UTC,2021-10-12 22:50:07 +0000 UTC,2021-10-12 22:50:07 +0000 UTC,2.43917149044471,73.69,BRL
493,VIP,COMPLETED,2021-10-09 20:26:45 +0000 UTC,2021-10-09 20:33:19 +0000 UTC,2021-10-09 20:40:42 +0000 UTC,1.43626364071028,8.9,BRL
493,VIP,COMPLETED,2021-10-09 18:15:24 +0000 UTC,2021-10-09 18:24:25 +0000 UTC,2021-10-09 18:29:31 +0000 UTC,1.24433376681197,8.91,BRL
493,VIP,COMPLETED,2021-10-09 00:27:15 +0000 UTC,2021-10-09 00:30:38 +0000 UTC,2021-10-09 00:35:19 +0000 UTC,1.13154130527123,8.97,BRL
493,VIP,CANCELED,2021-10-08 21:37:12 +0000 UTC,1970-01-01 00:00:00 +0000 UTC,1970-01-01 00:00:00 +0000 UTC,0.0,0.0,BRL
493,UberX Promo,COMPLETED,2021-10-07 19:40:48 +0000 UTC,2021-10-07 19:57:21 +0000 UTC,2021-10-07 20:11:17 +0000 UTC,2.90222161115361,11.98,BRL
493,UberX Promo,COMPLETED,2021-10-07 19:09:52 +0000 UTC,2021-10-07 19:14:05 +0000 UTC,2021-10-07 19:31:08 +0000 UTC,2.75540176965201,12.9,BRL
493,VIP,COMPLETED,2021-10-03 22:06:10 +0000 UTC,2021-10-03 22:20:12 +0000 UTC,2021-10-03 22:26:33 +0000 UTC,1.25124758548083,8.97,BRL
493,VIP,COMPLETED,2021-10-02 18:02:48 +0000 UTC,2021-10-02 18:09:33 +0000 UTC,2021-10-02 18:18:12 +0000 UTC,1.75844142856297,9.93,BRL
493,UberX Promo,COMPLETED,2021-10-01 13:45:34 +0000 UTC,2021-10-01 13:49:37 +0000 UTC,2021-10-01 14:04:29 +0000 UTC,3.02802013927743,12.92,BRL
493,UberX Promo,COMPLETED,2021-10-01 12:43:37 +0000 UTC,2021-10-01 12:45:58 +0000 UTC,2021-10-01 13:01:24 +0000 UTC,2.85796632672903,12.99,BRL
493,VIP,COMPLETED,2021-09-30 20:27:03 +0000 UTC,2021-09-30 20:42:00 +0000 UTC,2021-09-30 20:56:05 +0000 UTC,2.6759352393959,17.95,BRL
493,UberX,COMPLETED,2021-09-30 18:00:44 +0000 UTC,2021-09-30 18:04:06 +0000 UTC,2021-09-30 18:23:38 +0000 UTC,3.00736874629412,15.95,BRL
493,Comfort,COMPLETED,2021-09-28 22:52:03 +0000 UTC,2021-09-28 22:57:31 +0000 UTC,2021-09-28 23:07:17 +0000 UTC,1.81148231178944,12.57,BRL
493,VIP,CANCELED,2021-09-28 21:34:45 +0000 UTC,1970-01-01 00:00:00 +0000 UTC,1970-01-01 00:00:00 +0000 UTC,0.0,0.0,BRL
493,UberEATS Marketplace,COMPLETED,2021-09-22 21:53:27 +0000 UTC,2021-09-22 22:26:37 +0000 UTC,2021-09-22 22:26:37 +0000 UTC,2.43917149044471,71.59,BRL
493,Comfort,COMPLETED,2021-09-21 17:48:15 +0000 UTC,2021-09-21 17:56:54 +0000 UTC,2021-09-21 18:01:07 +0000 UTC,0.92214560681547,8.01,BRL
493,Comfort,CANCELED,2021-09-19 14:58:29 +0000 UTC,1970-01-01 00:00:00 +0000 UTC,1970-01-01 00:00:00 +0000 UTC,0.0,0.0,BRL
493,UberX,CANCELED,2021-09-19 14:55:25 +0000 UTC,1970-01-01 00:00:00 +0000 UTC,1970-01-01 00:00:00 +0000 UTC,0.0,0.0,BRL
493,UberEATS Marketplace,COMPLETED,2021-09-14 22:09:22 +0000 UTC,2021-09-14 22:47:12 +0000 UTC,2021-09-14 22:47:12 +0000 UTC,2.43917149044471,31.89,BRL
493,UberX,COMPLETED,2021-09-11 20:28:03 +0000 UTC,2021-09-11 20:36:12 +0000 UTC,2021-09-11 20:45:52 +0000 UTC,2.14464237320834,13.91,BRL
493,UberX,COMPLETED,2021-09-11 17:34:09 +0000 UTC,2021-09-11 17:40:35 +0000 UTC,2021-09-11 17:48:57 +0000 UTC,1.74089202567988,10.98,BRL
493,UberX,COMPLETED,2021-09-07 13:30:42 +0000 UTC,2021-09-07 13:31:53 +0000 UTC,2021-09-07 13:43:33 +0000 UTC,2.42023480573599,9.92,BRL
493,UberX,CANCELED,2021-09-03 23:41:04 +0000 UTC,1970-01-01 00:00:00 +0000 UTC,1970-01-01 00:00:00 +0000 UTC,0.0,0.0,BRL
493,UberX,CANCELED,2021-09-03 17:52:18 +0000 UTC,1970-01-01 00:00:00 +0000 UTC,1970-01-01 00:00:00 +0000 UTC,0.0,0.0,BRL
493,UberX,COMPLETED,2021-09-03 17:19:31 +0000 UTC,2021-09-03 17:26:03 +0000 UTC,2021-09-03 17:33:29 +0000 UTC,1.38952650364585,6.39,BRL
493,Flash,COMPLETED,2021-08-30 18:19:49 +0000 UTC,2021-08-30 18:22:55 +0000 UTC,2021-08-30 18:33:27 +0000 UTC,2.39198818187322,12.9,BRL
493,UberX,COMPLETED,2021-08-28 16:26:23 +0000 UTC,2021-08-28 16:31:07 +0000 UTC,2021-08-28 16:50:11 +0000 UTC,3.99431973619825,18.99,BRL
493,UberX,COMPLETED,2021-08-27 01:11:01 +0000 UTC,2021-08-27 01:16:11 +0000 UTC,2021-08-27 01:23:15 +0000 UTC,1.25810319040223,7.49,BRL
493,UberX,CANCELED,2021-08-27 01:03:59 +0000 UTC,1970-01-01 00:00:00 +0000 UTC,1970-01-01 00:00:00 +0000 UTC,0.0,0.0,BRL
493,UberX,COMPLETED,2021-08-26 21:54:28 +0000 UTC,2021-08-26 21:58:46 +0000 UTC,2021-08-26 22:04:45 +0000 UTC,1.18587883281322,8.93,BRL
493,Comfort,COMPLETED,2021-08-23 22:35:33 +0000 UTC,2021-08-23 22:40:24 +0000 UTC,2021-08-23 22:47:13 +0000 UTC,1.1746145971897,9.18,BRL
493,UberX,CANCELED,2021-08-23 22:33:49 +0000 UTC,1970-01-01 00:00:00 +0000 UTC,1970-01-01 00:00:00 +0000 UTC,0.0,0.0,BRL
493,UberX,CANCELED,2021-08-21 19:40:47 +0000 UTC,1970-01-01 00:00:00 +0000 UTC,1970-01-01 00:00:00 +0000 UTC,0.0,0.0,BRL
493,,UNFULFILLED,2021-08-21 19:35:48 +0000 UTC,1970-01-01 00:00:00 +0000 UTC,1970-01-01 00:00:00 +0000 UTC,0.0,0.0,BRL
493,UberEATS Marketplace,COMPLETED,2021-08-21 14:08:13 +0000 UTC,2021-08-21 15:13:45 +0000 UTC,2021-08-21 15:13:45 +0000 UTC,2.43917149044471,90.38,BRL
493,Flash,COMPLETED,2021-08-19 20:18:30 +0000 UTC,2021-08-19 20:27:02 +0000 UTC,2021-08-19 20:44:07 +0000 UTC,2.37825438338558,12.97,BRL
493,,UNFULFILLED,2021-08-19 20:09:12 +0000 UTC,1970-01-01 00:00:00 +0000 UTC,1970-01-01 00:00:00 +0000 UTC,0.0,0.0,BRL
493,UberX,COMPLETED,2021-08-17 00:36:19 +0000 UTC,2021-08-17 00:45:27 +0000 UTC,2021-08-17 00:53:02 +0000 UTC,1.96611276382726,9.09,BRL
493,UberX,CANCELED,2021-08-15 22:34:07 +0000 UTC,1970-01-01 00:00:00 +0000 UTC,1970-01-01 00:00:00 +0000 UTC,0.0,0.0,BRL
493,UberX,COMPLETED,2021-08-15 22:05:39 +0000 UTC,2021-08-15 22:19:38 +0000 UTC,2021-08-15 22:27:03 +0000 UTC,2.05322175459186,10.93,BRL
493,UberX,COMPLETED,2021-08-14 19:22:30 +0000 UTC,2021-08-14 19:30:22 +0000 UTC,2021-08-14 19:47:58 +0000 UTC,4.11404302245089,19.94,BRL
493,UberX,COMPLETED,2021-08-13 22:13:19 +0000 UTC,2021-08-13 22:17:35 +0000 UTC,2021-08-13 22:25:15 +0000 UTC,1.56236472805766,8.91,BRL
493,UberX,COMPLETED,2021-08-13 21:31:15 +0000 UTC,2021-08-13 21:38:45 +0000 UTC,2021-08-13 22:00:35 +0000 UTC,4.71660287612916,24.95,BRL
493,Comfort,CANCELED,2021-08-13 21:27:29 +0000 UTC,1970-01-01 00:00:00 +0000 UTC,1970-01-01 00:00:00 +0000 UTC,0.0,0.0,BRL
493,UberEATS Marketplace,COMPLETED,2021-08-11 22:44:04 +0000 UTC,2021-08-11 23:17:38 +0000 UTC,2021-08-11 23:17:38 +0000 UTC,2.47787936921465,24.49,BRL
458,TÃ¡xi Promo,CANCELED,2021-08-08 15:32:48 +0000 UTC,1970-01-01 00:00:00 +0000 UTC,1970-01-01 00:00:00 +0000 UTC,0.0,0.0,BRL
458,Black,CANCELED,2021-08-08 15:31:46 +0000 UTC,1970-01-01 00:00:00 +0000 UTC,1970-01-01 00:00:00 +0000 UTC,0.0,0.0,BRL
458,UberEATS Marketplace,COMPLETED,2021-08-06 22:27:57 +0000 UTC,2021-08-06 23:03:53 +0000 UTC,2021-08-06 23:03:53 +0000 UTC,0.89651455779995,24.01,BRL
458,VIP,COMPLETED,2021-08-06 16:32:32 +0000 UTC,2021-08-06 16:38:22 +0000 UTC,2021-08-06 16:47:28 +0000 UTC,1.24896618466841,8.95,BRL
458,UberX,CANCELED,2021-08-06 08:25:40 +0000 UTC,1970-01-01 00:00:00 +0000 UTC,1970-01-01 00:00:00 +0000 UTC,0.0,0.0,BRL
493,UberEATS Marketplace,COMPLETED,2021-08-04 21:04:28 +0000 UTC,2021-08-04 21:41:48 +0000 UTC,2021-08-04 21:41:48 +0000 UTC,0.73564558611607,92.82,BRL
493,UberEATS Marketplace,COMPLETED,2021-08-03 22:37:09 +0000 UTC,2021-08-03 23:35:14 +0000 UTC,2021-08-03 23:35:14 +0000 UTC,2.47787936921455,45.97,BRL
493,UberX,COMPLETED,2021-07-31 01:02:51 +0000 UTC,2021-07-31 01:08:35 +0000 UTC,2021-07-31 01:14:32 +0000 UTC,1.45473741267449,8.94,BRL
493,UberEATS Marketplace,COMPLETED,2021-07-27 21:41:53 +0000 UTC,2021-07-27 22:30:29 +0000 UTC,2021-07-27 22:30:29 +0000 UTC,3.82630565211125,10.5,BRL
493,UberEATS Marketplace,COMPLETED,2021-07-23 19:38:00 +0000 UTC,2021-07-23 20:44:30 +0000 UTC,2021-07-23 20:44:30 +0000 UTC,3.82630565211125,28.99,BRL
493,UberEATS Marketplace,COMPLETED,2021-07-19 23:56:43 +0000 UTC,2021-07-20 00:51:01 +0000 UTC,2021-07-20 00:51:01 +0000 UTC,1.395976221968,134.28,BRL
493,UberX,COMPLETED,2021-07-19 19:15:23 +0000 UTC,2021-07-19 19:19:55 +0000 UTC,2021-07-19 19:28:31 +0000 UTC,2.08479349155761,9.96,BRL
493,UberX,CANCELED,2021-07-19 18:46:40 +0000 UTC,1970-01-01 00:00:00 +0000 UTC,1970-01-01 00:00:00 +0000 UTC,0.0,0.0,BRL
493,UberX,CANCELED,2021-07-09 19:59:58 +0000 UTC,1970-01-01 00:00:00 +0000 UTC,1970-01-01 00:00:00 +0000 UTC,0.0,0.0,BRL
493,VIP,CANCELED,2021-07-09 19:56:49 +0000 UTC,1970-01-01 00:00:00 +0000 UTC,1970-01-01 00:00:00 +0000 UTC,0.0,0.0,BRL
493,UberEATS Marketplace,COMPLETED,2021-07-09 16:30:21 +0000 UTC,2021-07-09 17:14:17 +0000 UTC,2021-07-09 17:14:17 +0000 UTC,3.82630565211125,28.99,BRL
493,UberX,COMPLETED,2021-07-07 19:31:43 +0000 UTC,2021-07-07 19:36:17 +0000 UTC,2021-07-07 19:45:18 +0000 UTC,1.96928915936001,9.91,BRL
493,UberX,COMPLETED,2021-07-07 18:41:24 +0000 UTC,2021-07-07 18:47:06 +0000 UTC,2021-07-07 18:58:29 +0000 UTC,1.88384580153562,8.93,BRL
493,UberEATS Marketplace,COMPLETED,2021-07-02 23:08:23 +0000 UTC,2021-07-02 23:50:27 +0000 UTC,2021-07-02 23:50:27 +0000 UTC,2.33273739570953,58.99,BRL
493,UberEATS Marketplace,COMPLETED,2021-07-02 22:41:07 +0000 UTC,2021-07-02 23:23:08 +0000 UTC,2021-07-02 23:23:08 +0000 UTC,3.82630565211125,28.99,BRL
493,UberX,CANCELED,2021-06-27 17:56:19 +0000 UTC,1970-01-01 00:00:00 +0000 UTC,1970-01-01 00:00:00 +0000 UTC,0.0,0.0,BRL
493,UberEATS Marketplace,COMPLETED,2021-06-22 00:39:39 +0000 UTC,2021-06-22 01:26:01 +0000 UTC,2021-06-22 01:26:01 +0000 UTC,2.33273739570953,33.89,BRL
493,UberEATS Marketplace,COMPLETED,2021-06-18 20:48:26 +0000 UTC,2021-06-18 21:19:30 +0000 UTC,2021-06-18 21:19:30 +0000 UTC,2.33273739570953,55.84,BRL
493,UberEATS Marketplace,COMPLETED,2021-06-18 20:41:04 +0000 UTC,2021-06-18 21:43:32 +0000 UTC,2021-06-18 21:43:32 +0000 UTC,3.82630565211125,28.99,BRL
493,UberEATS Marketplace,COMPLETED,2021-06-12 23:05:05 +0000 UTC,2021-06-12 23:49:58 +0000 UTC,2021-06-12 23:49:58 +0000 UTC,1.5676312064497,41.63,BRL
493,UberEATS Marketplace,COMPLETED,2021-06-12 16:28:19 +0000 UTC,2021-06-12 17:11:54 +0000 UTC,2021-06-12 17:11:54 +0000 UTC,2.33273739570953,57.83,BRL
493,UberEATS Marketplace,COMPLETED,2021-06-11 22:38:02 +0000 UTC,2021-06-11 23:26:05 +0000 UTC,2021-06-11 23:26:05 +0000 UTC,2.33273739570953,89.44,BRL
493,UberEATS Marketplace,COMPLETED,2021-06-11 22:27:16 +0000 UTC,2021-06-11 23:24:08 +0000 UTC,2021-06-11 23:24:08 +0000 UTC,3.82630565211125,29.53,BRL
493,UberEATS Marketplace,COMPLETED,2021-06-03 22:30:47 +0000 UTC,2021-06-03 23:08:12 +0000 UTC,2021-06-03 23:08:12 +0000 UTC,2.33273739570953,39.14,BRL
493,UberX,COMPLETED,2021-05-30 18:30:19 +0000 UTC,2021-05-30 18:34:19 +0000 UTC,2021-05-30 18:41:46 +0000 UTC,2.10239960307181,9.59,BRL
493,UberX,COMPLETED,2021-05-17 00:00:09 +0000 UTC,2021-05-17 00:05:17 +0000 UTC,2021-05-17 00:11:48 +0000 UTC,1.53396096402856,8.05,BRL
493,Comfort,CANCELED,2021-05-03 20:59:29 +0000 UTC,1970-01-01 00:00:00 +0000 UTC,1970-01-01 00:00:00 +0000 UTC,0.0,0.0,BRL
493,UberX,CANCELED,2021-05-03 20:57:23 +0000 UTC,1970-01-01 00:00:00 +0000 UTC,1970-01-01 00:00:00 +0000 UTC,0.0,0.0,BRL
493,UberX,COMPLETED,2021-05-02 15:07:33 +0000 UTC,2021-05-02 15:18:58 +0000 UTC,2021-05-02 15:27:23 +0000 UTC,1.74730477631178,7.61,BRL
493,UberEATS Marketplace,COMPLETED,2021-04-28 14:20:29 +0000 UTC,2021-04-28 15:14:06 +0000 UTC,2021-04-28 15:14:06 +0000 UTC,1.09818757989607,33.49,BRL
493,UberX,CANCELED,2021-04-17 18:57:27 +0000 UTC,1970-01-01 00:00:00 +0000 UTC,1970-01-01 00:00:00 +0000 UTC,0.0,0.0,BRL
493,Flash,COMPLETED,2021-04-07 15:42:54 +0000 UTC,2021-04-07 15:47:09 +0000 UTC,2021-04-07 15:56:04 +0000 UTC,2.46655676921425,8.51,BRL
493,Flash,COMPLETED,2021-03-09 11:52:40 +0000 UTC,2021-03-09 11:58:29 +0000 UTC,2021-03-09 12:04:31 +0000 UTC,1.13652338730204,5.78,BRL
493,UberX Promo,CANCELED,2021-03-06 14:42:38 +0000 UTC,1970-01-01 00:00:00 +0000 UTC,1970-01-01 00:00:00 +0000 UTC,0.0,0.0,BRL
493,Flash,COMPLETED,2021-02-22 12:09:24 +0000 UTC,2021-02-22 12:11:55 +0000 UTC,2021-02-22 12:20:55 +0000 UTC,1.53492944787068,7.7,BRL
493,Flash,COMPLETED,2021-02-09 23:11:16 +0000 UTC,2021-02-09 23:20:05 +0000 UTC,2021-02-09 23:29:06 +0000 UTC,1.15870073032556,5.99,BRL
493,UberX,CANCELED,2021-02-08 21:25:56 +0000 UTC,1970-01-01 00:00:00 +0000 UTC,1970-01-01 00:00:00 +0000 UTC,0.0,0.0,BRL
493,UberEATS Marketplace,COMPLETED,2021-01-31 00:11:38 +0000 UTC,2021-01-31 00:39:29 +0000 UTC,2021-01-31 00:39:29 +0000 UTC,0.85301670734554,20.64,BRL
493,Flash,COMPLETED,2021-01-27 16:35:21 +0000 UTC,2021-01-27 16:40:39 +0000 UTC,2021-01-27 17:22:19 +0000 UTC,12.23724573702386,27.07,BRL
493,UberX Promo,CANCELED,2021-01-14 14:05:46 +0000 UTC,1970-01-01 00:00:00 +0000 UTC,1970-01-01 00:00:00 +0000 UTC,0.0,0.0,BRL
493,UberX,COMPLETED,2021-01-14 10:55:58 +0000 UTC,2021-01-14 11:00:17 +0000 UTC,2021-01-14 11:07:30 +0000 UTC,1.56882892518953,5.6,BRL
493,UberX Promo,CANCELED,2021-01-10 19:17:26 +0000 UTC,1970-01-01 00:00:00 +0000 UTC,1970-01-01 00:00:00 +0000 UTC,0.0,0.0,BRL
493,UberX,COMPLETED,2021-01-01 20:06:12 +0000 UTC,2021-01-01 20:09:39 +0000 UTC,2021-01-01 20:18:48 +0000 UTC,2.30221552395059,9.81,BRL
493,UberX Promo,COMPLETED,2020-12-30 11:58:13 +0000 UTC,2020-12-30 12:04:28 +0000 UTC,2020-12-30 12:11:29 +0000 UTC,1.92394981262694,8.48,BRL
493,UberX,CANCELED,2020-12-30 11:55:24 +0000 UTC,1970-01-01 00:00:00 +0000 UTC,1970-01-01 00:00:00 +0000 UTC,0.0,0.0,BRL
493,UberX,COMPLETED,2020-12-30 10:46:28 +0000 UTC,2020-12-30 10:50:15 +0000 UTC,2020-12-30 10:57:05 +0000 UTC,1.7850302023496,6.28,BRL
493,UberX,DRIVER_CANCELED,2020-12-30 10:42:01 +0000 UTC,1970-01-01 00:00:00 +0000 UTC,1970-01-01 00:00:00 +0000 UTC,0.0,4.5,BRL
493,UberX,COMPLETED,2020-12-25 12:47:37 +0000 UTC,2020-12-25 13:01:28 +0000 UTC,2020-12-25 13:08:21 +0000 UTC,1.32644108292086,11.54,BRL
493,Flash,COMPLETED,2020-12-24 12:26:45 +0000 UTC,2020-12-24 12:34:11 +0000 UTC,2020-12-24 12:40:26 +0000 UTC,1.46639258574601,7.49,BRL
493,UberX,COMPLETED,2020-12-24 01:00:16 +0000 UTC,2020-12-24 01:02:38 +0000 UTC,2020-12-24 01:07:23 +0000 UTC,1.17378233628108,6.05,BRL
493,UberX,COMPLETED,2020-12-22 11:59:06 +0000 UTC,2020-12-22 12:02:48 +0000 UTC,2020-12-22 12:11:26 +0000 UTC,2.41797288121269,8.71,BRL
493,UberX,COMPLETED,2020-12-22 10:47:26 +0000 UTC,2020-12-22 10:53:33 +0000 UTC,2020-12-22 10:59:40 +0000 UTC,1.61291505561403,7.08,BRL
493,UberX,COMPLETED,2020-12-19 21:15:15 +0000 UTC,2020-12-19 21:20:23 +0000 UTC,2020-12-19 21:27:22 +0000 UTC,1.65196866004655,8.17,BRL
493,UberX,CANCELED,2020-12-19 21:14:14 +0000 UTC,1970-01-01 00:00:00 +0000 UTC,1970-01-01 00:00:00 +0000 UTC,0.0,0.0,BRL
493,UberX,COMPLETED,2020-12-12 15:32:09 +0000 UTC,2020-12-12 15:39:47 +0000 UTC,2020-12-12 15:44:30 +0000 UTC,0.69348739944503,5.65,BRL
493,UberX,COMPLETED,2020-12-12 15:19:06 +0000 UTC,2020-12-12 15:23:16 +0000 UTC,2020-12-12 15:28:15 +0000 UTC,1.15099342935105,5.16,BRL
493,UberX,COMPLETED,2020-12-08 19:20:31 +0000 UTC,2020-12-08 19:26:52 +0000 UTC,2020-12-08 19:35:45 +0000 UTC,1.51239980779909,6.94,BRL
493,UberX,COMPLETED,2020-12-08 15:08:03 +0000 UTC,2020-12-08 15:14:49 +0000 UTC,2020-12-08 15:23:57 +0000 UTC,2.50020191023447,9.75,BRL
493,UberEATS Marketplace,COMPLETED,2020-11-25 16:54:36 +0000 UTC,2020-11-25 17:25:07 +0000 UTC,2020-11-25 17:25:07 +0000 UTC,1.65241100555626,40.77,BRL
493,UberX,CANCELED,2020-11-23 01:26:54 +0000 UTC,1970-01-01 00:00:00 +0000 UTC,1970-01-01 00:00:00 +0000 UTC,0.0,0.0,BRL
493,UberX,CANCELED,2020-11-21 22:10:34 +0000 UTC,1970-01-01 00:00:00 +0000 UTC,1970-01-01 00:00:00 +0000 UTC,0.0,0.0,BRL
493,UberX,COMPLETED,2020-11-21 17:59:27 +0000 UTC,2020-11-21 18:07:02 +0000 UTC,2020-11-21 18:17:39 +0000 UTC,2.15067339279318,9.18,BRL
493,UberX,COMPLETED,2020-10-31 00:16:29 +0000 UTC,2020-10-31 00:24:43 +0000 UTC,2020-10-31 00:41:48 +0000 UTC,4.09799449765684,15.49,BRL
493,UberX,COMPLETED,2020-10-25 18:23:40 +0000 UTC,2020-10-25 18:31:24 +0000 UTC,2020-10-25 18:37:48 +0000 UTC,1.91409345460596,8.58,BRL
493,UberX,COMPLETED,2020-10-11 14:57:35 +0000 UTC,2020-10-11 15:05:40 +0000 UTC,2020-10-11 15:14:36 +0000 UTC,1.95630724342243,11.77,BRL
493,UberX,COMPLETED,2020-10-10 18:44:36 +0000 UTC,2020-10-10 18:51:06 +0000 UTC,2020-10-10 18:56:33 +0000 UTC,0.82894718409108,7.75,BRL
493,UberX,COMPLETED,2020-10-10 17:03:13 +0000 UTC,2020-10-10 17:09:14 +0000 UTC,2020-10-10 17:17:33 +0000 UTC,1.90318546181879,8.08,BRL
493,Flash,COMPLETED,2020-09-27 20:32:16 +0000 UTC,2020-09-27 20:36:46 +0000 UTC,2020-09-27 20:39:34 +0000 UTC,0.54099230356305,6.35,BRL
493,UberX,COMPLETED,2020-08-31 20:29:11 +0000 UTC,2020-08-31 20:44:32 +0000 UTC,2020-08-31 20:47:16 +0000 UTC,1.20680598885518,8.23,BRL
493,UberX,COMPLETED,2020-06-03 18:03:27 +0000 UTC,2020-06-03 18:07:50 +0000 UTC,2020-06-03 18:14:39 +0000 UTC,1.34943400368943,6.09,BRL
493,UberX,COMPLETED,2020-06-01 15:56:38 +0000 UTC,2020-06-01 15:58:22 +0000 UTC,2020-06-01 16:04:24 +0000 UTC,1.12342155025636,6.34,BRL
493,UberX,COMPLETED,2020-03-07 07:02:30 +0000 UTC,2020-03-07 07:05:37 +0000 UTC,2020-03-07 07:08:36 +0000 UTC,0.73515445866772,10.48,BRL
493,Comfort,CANCELED,2020-03-06 22:40:28 +0000 UTC,1970-01-01 00:00:00 +0000 UTC,1970-01-01 00:00:00 +0000 UTC,0.0,0.0,BRL
493,UberX,CANCELED,2020-03-06 22:39:14 +0000 UTC,1970-01-01 00:00:00 +0000 UTC,1970-01-01 00:00:00 +0000 UTC,0.0,0.0,BRL
493,UberX,CANCELED,2020-03-06 22:28:39 +0000 UTC,1970-01-01 00:00:00 +0000 UTC,1970-01-01 00:00:00 +0000 UTC,0.0,0.0,BRL
493,UberX,COMPLETED,2020-03-06 03:24:47 +0000 UTC,2020-03-06 03:27:03 +0000 UTC,2020-03-06 03:33:29 +0000 UTC,1.23275212062287,6.47,BRL
493,UberX,COMPLETED,2020-03-05 23:50:51 +0000 UTC,2020-03-05 23:54:36 +0000 UTC,2020-03-06 00:02:54 +0000 UTC,1.67117309964808,6.9,BRL
493,UberX,COMPLETED,2020-03-04 17:13:03 +0000 UTC,2020-03-04 17:14:52 +0000 UTC,2020-03-04 17:24:00 +0000 UTC,1.65121290698613,6.9,BRL
493,UberX,COMPLETED,2020-03-02 02:05:56 +0000 UTC,2020-03-02 02:08:00 +0000 UTC,2020-03-02 02:16:31 +0000 UTC,1.7794538989933,7.92,BRL
493,UberX,COMPLETED,2020-03-01 17:35:14 +0000 UTC,2020-03-01 17:38:31 +0000 UTC,2020-03-01 17:47:48 +0000 UTC,2.0216016475971,7.89,BRL
493,UberX,COMPLETED,2020-02-21 02:28:08 +0000 UTC,2020-02-21 02:34:05 +0000 UTC,2020-02-21 02:40:04 +0000 UTC,1.39756106229736,6.2,BRL
493,UberX,COMPLETED,2020-02-15 01:59:55 +0000 UTC,2020-02-15 02:04:29 +0000 UTC,2020-02-15 02:19:40 +0000 UTC,3.90335684479174,12.77,BRL
493,Comfort,COMPLETED,2020-02-14 01:27:05 +0000 UTC,2020-02-14 01:33:59 +0000 UTC,2020-02-14 01:40:06 +0000 UTC,1.42136227805464,10.85,BRL
493,UberX,COMPLETED,2020-02-12 00:21:55 +0000 UTC,2020-02-12 00:33:08 +0000 UTC,2020-02-12 00:36:58 +0000 UTC,0.95083144372719,6.39,BRL
493,UberX,COMPLETED,2020-02-07 17:44:31 +0000 UTC,2020-02-07 17:52:26 +0000 UTC,2020-02-07 17:59:24 +0000 UTC,1.35347386200624,6.09,BRL
493,UberX,DRIVER_CANCELED,2020-02-07 17:38:16 +0000 UTC,1970-01-01 00:00:00 +0000 UTC,1970-01-01 00:00:00 +0000 UTC,0.0,4.5,BRL
493,UberX,COMPLETED,2020-02-03 19:10:41 +0000 UTC,2020-02-03 19:13:21 +0000 UTC,2020-02-03 19:21:51 +0000 UTC,1.57570136518125,6.33,BRL
493,UberX,COMPLETED,2020-01-31 03:29:53 +0000 UTC,2020-01-31 03:34:30 +0000 UTC,2020-01-31 03:39:16 +0000 UTC,1.08664821588582,7.62,BRL
493,UberX,COMPLETED,2020-01-24 03:06:13 +0000 UTC,2020-01-24 03:16:08 +0000 UTC,2020-01-24 03:20:53 +0000 UTC,1.07879262072717,8.77,BRL
493,UberX,COMPLETED,2020-01-23 22:34:24 +0000 UTC,2020-01-23 22:54:27 +0000 UTC,2020-01-23 23:04:30 +0000 UTC,1.66291295293161,9.45,BRL
493,UberX,COMPLETED,2020-01-23 03:02:05 +0000 UTC,2020-01-23 03:08:38 +0000 UTC,2020-01-23 03:14:06 +0000 UTC,1.08983772804294,9.35,BRL
493,,UNFULFILLED,2020-01-23 02:57:16 +0000 UTC,1970-01-01 00:00:00 +0000 UTC,1970-01-01 00:00:00 +0000 UTC,0.0,0.0,BRL
493,UberX,COMPLETED,2020-01-22 22:37:49 +0000 UTC,2020-01-22 22:41:49 +0000 UTC,2020-01-22 22:52:28 +0000 UTC,1.73634811969645,7.01,BRL
493,UberX,COMPLETED,2020-01-17 02:59:35 +0000 UTC,2020-01-17 03:10:48 +0000 UTC,2020-01-17 03:17:57 +0000 UTC,1.73831006033191,6.61,BRL
493,UberX,COMPLETED,2020-01-09 01:59:24 +0000 UTC,2020-01-09 02:05:15 +0000 UTC,2020-01-09 02:10:13 +0000 UTC,1.23390320293178,6.04,BRL
493,UberX,COMPLETED,2020-01-04 03:56:02 +0000 UTC,2020-01-04 04:02:49 +0000 UTC,2020-01-04 04:08:08 +0000 UTC,1.49506839275933,6.13,BRL
458,UberX,COMPLETED,2019-12-15 23:19:19 +0000 UTC,2019-12-15 23:30:46 +0000 UTC,2019-12-15 23:40:34 +0000 UTC,2.12910312146975,10.53,BRL
458,UberX,COMPLETED,2019-12-15 22:16:57 +0000 UTC,2019-12-15 22:22:38 +0000 UTC,2019-12-15 22:41:51 +0000 UTC,1.70921314216044,9.18,BRL
458,UberX,COMPLETED,2019-12-15 17:30:09 +0000 UTC,2019-12-15 17:40:43 +0000 UTC,2019-12-15 17:48:01 +0000 UTC,1.31012352297311,6.94,BRL
493,UberX,COMPLETED,2019-12-10 04:36:45 +0000 UTC,2019-12-10 04:43:53 +0000 UTC,2019-12-10 04:53:34 +0000 UTC,2.65682563481933,8.32,BRL
493,UberX,COMPLETED,2019-12-10 03:45:12 +0000 UTC,2019-12-10 03:55:02 +0000 UTC,2019-12-10 04:26:22 +0000 UTC,10.12120568021558,38.78,BRL
493,UberX,COMPLETED,2019-12-04 14:36:57 +0000 UTC,2019-12-04 14:38:48 +0000 UTC,2019-12-04 14:49:10 +0000 UTC,1.12215140188339,6.4,BRL
493,UberX,CANCELED,2019-11-10 04:23:06 +0000 UTC,1970-01-01 00:00:00 +0000 UTC,1970-01-01 00:00:00 +0000 UTC,0.0,0.0,BRL
493,UberX,COMPLETED,2019-11-09 22:20:05 +0000 UTC,2019-11-09 22:25:10 +0000 UTC,2019-11-09 22:40:49 +0000 UTC,3.09913262285279,9.67,BRL
493,UberX,COMPLETED,2019-10-20 03:10:17 +0000 UTC,2019-10-20 03:13:22 +0000 UTC,2019-10-20 03:24:23 +0000 UTC,3.03093014081294,10.79,BRL
493,UberX,COMPLETED,2019-10-19 22:10:41 +0000 UTC,2019-10-19 22:15:55 +0000 UTC,2019-10-19 22:35:19 +0000 UTC,3.58576784319142,16.65,BRL
493,UberX,COMPLETED,2019-10-19 03:12:36 +0000 UTC,2019-10-19 03:19:39 +0000 UTC,2019-10-19 03:24:07 +0000 UTC,1.31902878790249,6.32,BRL
493,UberX,COMPLETED,2019-10-12 03:11:31 +0000 UTC,2019-10-12 03:18:46 +0000 UTC,2019-10-12 03:21:47 +0000 UTC,1.09125803630232,6.27,BRL
493,UberX,CANCELED,2019-10-12 03:07:18 +0000 UTC,1970-01-01 00:00:00 +0000 UTC,1970-01-01 00:00:00 +0000 UTC,0.0,0.0,BRL
493,UberX,COMPLETED,2019-10-05 04:57:08 +0000 UTC,2019-10-05 05:02:43 +0000 UTC,2019-10-05 05:09:25 +0000 UTC,1.75710811457407,8.26,BRL
493,UberX,COMPLETED,2019-10-03 23:06:08 +0000 UTC,2019-10-03 23:12:42 +0000 UTC,2019-10-03 23:18:38 +0000 UTC,1.38585111257458,6.04,BRL
493,UberX,COMPLETED,2019-09-27 00:33:44 +0000 UTC,2019-09-27 00:42:15 +0000 UTC,2019-09-27 00:50:56 +0000 UTC,1.7131496744111,10.95,BRL
493,UberX,COMPLETED,2019-09-21 02:51:36 +0000 UTC,2019-09-21 02:55:41 +0000 UTC,2019-09-21 03:01:25 +0000 UTC,1.15281286253932,6.4,BRL
493,UberX,COMPLETED,2019-09-14 00:41:16 +0000 UTC,2019-09-14 00:47:25 +0000 UTC,2019-09-14 00:52:05 +0000 UTC,0.89531936084461,6.46,BRL
493,UberX,COMPLETED,2019-08-30 22:25:54 +0000 UTC,2019-08-30 22:30:13 +0000 UTC,2019-08-30 22:50:04 +0000 UTC,3.01961868420046,10.74,BRL
493,UberX,COMPLETED,2019-08-24 03:06:29 +0000 UTC,2019-08-24 03:08:47 +0000 UTC,2019-08-24 03:13:42 +0000 UTC,1.08177004375316,6.4,BRL
493,UberX,COMPLETED,2019-08-17 06:30:57 +0000 UTC,2019-08-17 06:35:59 +0000 UTC,2019-08-17 06:38:49 +0000 UTC,0.74639764838899,9.23,BRL
493,UberX,COMPLETED,2019-08-17 01:58:58 +0000 UTC,2019-08-17 02:00:26 +0000 UTC,2019-08-17 02:05:11 +0000 UTC,0.7526119545488,6.4,BRL
471,UberX,COMPLETED,2019-07-26 21:05:35 +0000 UTC,2019-07-26 21:06:57 +0000 UTC,2019-07-26 21:15:08 +0000 UTC,3.14732542147564,10.57,EUR
471,Green,CANCELED,2019-07-26 21:04:21 +0000 UTC,1970-01-01 00:00:00 +0000 UTC,1970-01-01 00:00:00 +0000 UTC,0.0,0.0,EUR
37,UberX,COMPLETED,2019-07-26 05:14:11 +0000 UTC,2019-07-26 05:21:19 +0000 UTC,2019-07-26 05:31:20 +0000 UTC,2.78805738153447,9.11,EUR
37,UberX,COMPLETED,2019-07-24 22:43:12 +0000 UTC,2019-07-24 22:48:16 +0000 UTC,2019-07-24 23:07:25 +0000 UTC,9.94984212436988,27.8,EUR
493,UberX,COMPLETED,2019-07-23 17:41:25 +0000 UTC,2019-07-23 17:44:55 +0000 UTC,2019-07-23 18:00:56 +0000 UTC,2.45704523702943,9.06,BRL
493,UberX,COMPLETED,2019-07-14 01:22:44 +0000 UTC,2019-07-14 01:26:43 +0000 UTC,2019-07-14 01:33:12 +0000 UTC,1.07309551719976,6.4,BRL
493,UberX,COMPLETED,2019-07-13 23:42:37 +0000 UTC,2019-07-13 23:50:40 +0000 UTC,2019-07-13 23:59:54 +0000 UTC,1.60896369604657,6.4,BRL
1275,UberX,COMPLETED,2019-07-05 20:00:57 +0000 UTC,2019-07-05 20:07:09 +0000 UTC,2019-07-05 20:34:34 +0000 UTC,6.79147442445007,26.57,BRL
1275,UberX,COMPLETED,2019-07-02 20:33:24 +0000 UTC,2019-07-02 20:41:30 +0000 UTC,2019-07-02 20:52:13 +0000 UTC,1.60323917859556,6.88,BRL
493,Select,COMPLETED,2019-06-20 02:52:02 +0000 UTC,2019-06-20 02:57:37 +0000 UTC,2019-06-20 03:01:41 +0000 UTC,1.06045883466793,7.23,BRL
493,UberX,COMPLETED,2019-06-19 21:41:47 +0000 UTC,2019-06-19 21:55:03 +0000 UTC,2019-06-19 22:13:14 +0000 UTC,1.76163437874518,15.81,BRL
493,UberX,COMPLETED,2019-06-15 01:52:23 +0000 UTC,2019-06-15 01:56:08 +0000 UTC,2019-06-15 02:03:19 +0000 UTC,1.67366324238676,5.8100000000000005,BRL
493,UberX,COMPLETED,2019-06-09 06:21:37 +0000 UTC,2019-06-09 06:25:08 +0000 UTC,2019-06-09 06:33:47 +0000 UTC,2.55187651046388,10.28,BRL
493,UberX,COMPLETED,2019-06-08 22:33:22 +0000 UTC,2019-06-08 22:40:29 +0000 UTC,2019-06-08 23:11:48 +0000 UTC,8.82685889054706,39.44,BRL
493,UberX,COMPLETED,2019-06-05 05:35:05 +0000 UTC,2019-06-05 05:37:56 +0000 UTC,2019-06-05 05:43:45 +0000 UTC,1.6465617744715,6.35,BRL
493,UberX,COMPLETED,2019-06-01 03:16:39 +0000 UTC,2019-06-01 03:20:15 +0000 UTC,2019-06-01 03:24:23 +0000 UTC,1.41728441169176,6.77,BRL
493,UberX,COMPLETED,2019-06-01 00:19:46 +0000 UTC,2019-06-01 00:23:38 +0000 UTC,2019-06-01 00:40:04 +0000 UTC,3.62784647402535,12.12,BRL
493,UberX,COMPLETED,2019-05-26 06:03:17 +0000 UTC,2019-05-26 06:06:16 +0000 UTC,2019-05-26 06:12:25 +0000 UTC,1.83554547516753,7.39,BRL
493,UberX,CANCELED,2019-05-26 05:59:32 +0000 UTC,1970-01-01 00:00:00 +0000 UTC,1970-01-01 00:00:00 +0000 UTC,0.0,0.0,BRL
493,UberX,CANCELED,2019-05-26 05:44:35 +0000 UTC,1970-01-01 00:00:00 +0000 UTC,1970-01-01 00:00:00 +0000 UTC,0.0,0.0,BRL
493,UberX,COMPLETED,2019-05-26 01:42:00 +0000 UTC,2019-05-26 01:46:51 +0000 UTC,2019-05-26 01:54:46 +0000 UTC,1.22998431562645,6.4,BRL
493,UberX,COMPLETED,2019-05-24 15:59:51 +0000 UTC,2019-05-24 16:06:29 +0000 UTC,2019-05-24 16:16:09 +0000 UTC,1.26910628113791,7.17,BRL
493,UberX,COMPLETED,2019-05-24 15:33:35 +0000 UTC,2019-05-24 15:35:03 +0000 UTC,2019-05-24 15:51:11 +0000 UTC,1.65168979242961,7.61,BRL
493,UberX,COMPLETED,2019-05-21 18:15:35 +0000 UTC,2019-05-21 18:18:24 +0000 UTC,2019-05-21 18:45:11 +0000 UTC,7.68127257146304,23.01,BRL
493,UberX,COMPLETED,2019-04-27 05:29:55 +0000 UTC,2019-04-27 05:41:14 +0000 UTC,2019-04-27 05:45:32 +0000 UTC,1.06056824147225,6.4,BRL
493,UberX,COMPLETED,2019-04-19 01:33:49 +0000 UTC,2019-04-19 01:40:42 +0000 UTC,2019-04-19 01:48:20 +0000 UTC,1.77342590205996,6.98,BRL
493,,UNFULFILLED,2019-04-08 01:20:44 +0000 UTC,1970-01-01 00:00:00 +0000 UTC,1970-01-01 00:00:00 +0000 UTC,0.0,0.0,BRL
493,UberX,DRIVER_CANCELED,2019-04-08 01:10:53 +0000 UTC,1970-01-01 00:00:00 +0000 UTC,1970-01-01 00:00:00 +0000 UTC,0.0,0.0,BRL
493,UberX,COMPLETED,2019-04-07 21:03:32 +0000 UTC,2019-04-07 21:10:35 +0000 UTC,2019-04-07 21:25:02 +0000 UTC,2.91854308709796,11.86,BRL
493,UberX,COMPLETED,2019-04-01 19:19:44 +0000 UTC,2019-04-01 19:24:21 +0000 UTC,2019-04-01 19:32:58 +0000 UTC,1.35150090907345,6.8100000000000005,BRL
493,UberX,COMPLETED,2019-03-20 00:20:40 +0000 UTC,2019-03-20 00:21:53 +0000 UTC,2019-03-20 00:37:24 +0000 UTC,4.40017157246996,13.55,BRL
493,UberX,COMPLETED,2019-03-16 02:08:12 +0000 UTC,2019-03-16 02:09:58 +0000 UTC,2019-03-16 02:15:04 +0000 UTC,1.1940688690676,6.16,BRL
493,UberX,DRIVER_CANCELED,2019-03-16 02:01:25 +0000 UTC,1970-01-01 00:00:00 +0000 UTC,1970-01-01 00:00:00 +0000 UTC,0.0,6.0,BRL
493,UberX,COMPLETED,2019-02-10 00:20:54 +0000 UTC,2019-02-10 00:22:00 +0000 UTC,2019-02-10 00:28:11 +0000 UTC,1.19643576431685,8.01,BRL
493,UberX,CANCELED,2019-02-10 00:20:27 +0000 UTC,1970-01-01 00:00:00 +0000 UTC,1970-01-01 00:00:00 +0000 UTC,0.0,0.0,BRL
493,UberX,COMPLETED,2019-02-09 21:12:35 +0000 UTC,2019-02-09 21:19:28 +0000 UTC,2019-02-09 21:26:27 +0000 UTC,1.34015840020089,7.94,BRL
493,UberX,COMPLETED,2019-02-07 12:06:27 +0000 UTC,2019-02-07 12:09:01 +0000 UTC,2019-02-07 12:27:15 +0000 UTC,2.38300406100152,11.81,BRL
493,UberX,COMPLETED,2019-02-07 10:17:18 +0000 UTC,2019-02-07 10:21:49 +0000 UTC,2019-02-07 10:43:33 +0000 UTC,3.57637548152304,14.45,BRL
493,UberX,COMPLETED,2019-02-06 20:09:04 +0000 UTC,2019-02-06 20:21:41 +0000 UTC,2019-02-06 20:36:49 +0000 UTC,1.59719453958513,12.37,BRL
493,UberX,COMPLETED,2019-02-06 19:35:46 +0000 UTC,2019-02-06 19:43:22 +0000 UTC,2019-02-06 19:58:08 +0000 UTC,2.28289178061294,17.33,BRL
493,UberX,COMPLETED,2019-02-05 15:50:51 +0000 UTC,2019-02-05 15:54:07 +0000 UTC,2019-02-05 16:08:14 +0000 UTC,2.22708410772969,12.04,BRL
493,UberX,COMPLETED,2019-02-05 12:28:17 +0000 UTC,2019-02-05 12:31:39 +0000 UTC,2019-02-05 12:47:28 +0000 UTC,3.19950932747476,14.11,BRL
493,UberX,COMPLETED,2019-02-05 00:11:56 +0000 UTC,2019-02-05 00:18:04 +0000 UTC,2019-02-05 00:25:31 +0000 UTC,1.58105055221552,8.68,BRL
493,UberX,COMPLETED,2019-01-26 01:09:00 +0000 UTC,2019-01-26 01:11:32 +0000 UTC,2019-01-26 01:16:13 +0000 UTC,1.10718593179994,6.75,BRL
493,UberX,COMPLETED,2019-01-19 03:47:51 +0000 UTC,2019-01-19 03:51:34 +0000 UTC,2019-01-19 03:55:07 +0000 UTC,1.25186047850205,7.94,BRL
493,UberX,COMPLETED,2019-01-19 00:28:34 +0000 UTC,2019-01-19 00:32:25 +0000 UTC,2019-01-19 00:42:04 +0000 UTC,2.82521198073503,11.63,BRL
493,UberX,COMPLETED,2019-01-05 02:20:16 +0000 UTC,2019-01-05 02:22:03 +0000 UTC,2019-01-05 02:28:10 +0000 UTC,1.18258383047497,7.94,BRL
493,UberX,COMPLETED,2019-01-01 01:30:08 +0000 UTC,2019-01-01 01:33:37 +0000 UTC,2019-01-01 01:39:42 +0000 UTC,1.5698462868877,7.94,BRL
493,UberX,COMPLETED,2018-12-31 20:13:58 +0000 UTC,2018-12-31 20:20:07 +0000 UTC,2018-12-31 20:29:43 +0000 UTC,1.9702500249902,9.41,BRL
493,UberX,COMPLETED,2018-12-22 02:36:51 +0000 UTC,2018-12-22 02:41:53 +0000 UTC,2018-12-22 02:46:08 +0000 UTC,1.22629859059525,12.98,BRL
493,UberX,DRIVER_CANCELED,2018-12-22 02:34:47 +0000 UTC,2018-12-22 02:35:32 +0000 UTC,1970-01-01 00:00:00 +0000 UTC,0.0,0.0,BRL
493,UberX,COMPLETED,2018-12-15 09:09:43 +0000 UTC,2018-12-15 09:14:23 +0000 UTC,2018-12-15 09:34:44 +0000 UTC,5.14601741,26.85,BRL
493,UberX,COMPLETED,2018-12-15 06:33:13 +0000 UTC,2018-12-15 06:46:54 +0000 UTC,2018-12-15 06:55:55 +0000 UTC,4.28641528962005,24.42,BRL
493,UberX,CANCELED,2018-12-15 06:30:09 +0000 UTC,1970-01-01 00:00:00 +0000 UTC,1970-01-01 00:00:00 +0000 UTC,0.0,0.0,BRL
493,UberX,COMPLETED,2018-12-12 23:51:50 +0000 UTC,2018-12-12 23:55:59 +0000 UTC,2018-12-13 00:03:08 +0000 UTC,1.71308780144341,9.76,BRL
458,UberX,COMPLETED,2018-12-07 18:14:04 +0000 UTC,2018-12-07 18:23:05 +0000 UTC,2018-12-07 18:57:56 +0000 UTC,3.4028692359,17.82,BRL
458,UberX,COMPLETED,2018-12-07 16:28:14 +0000 UTC,2018-12-07 16:57:25 +0000 UTC,2018-12-07 17:23:22 +0000 UTC,4.0412404402,14.03,BRL
493,UberX,COMPLETED,2018-12-07 10:40:04 +0000 UTC,2018-12-07 10:51:36 +0000 UTC,2018-12-07 11:14:20 +0000 UTC,3.4573989491622,21.52,BRL
493,UberX,COMPLETED,2018-12-03 22:28:02 +0000 UTC,2018-12-03 22:32:07 +0000 UTC,2018-12-03 22:44:10 +0000 UTC,3.0353191334,9.66,BRL
493,UberX,CANCELED,2018-12-02 06:18:57 +0000 UTC,1970-01-01 00:00:00 +0000 UTC,1970-01-01 00:00:00 +0000 UTC,0.0,0.0,BRL
493,UberX,CANCELED,2018-12-02 06:13:14 +0000 UTC,1970-01-01 00:00:00 +0000 UTC,1970-01-01 00:00:00 +0000 UTC,0.0,0.0,BRL
493,UberX,COMPLETED,2018-12-02 00:20:58 +0000 UTC,2018-12-02 00:26:52 +0000 UTC,2018-12-02 00:45:28 +0000 UTC,3.77261587767315,15.1,BRL
493,UberX,COMPLETED,2018-11-30 02:52:20 +0000 UTC,2018-11-30 02:56:47 +0000 UTC,2018-11-30 03:00:24 +0000 UTC,1.15108086018671,8.82,BRL
493,UberX,COMPLETED,2018-11-24 05:03:49 +0000 UTC,2018-11-24 05:11:07 +0000 UTC,2018-11-24 05:14:38 +0000 UTC,1.1569313380904,7.69,BRL
493,UberX,COMPLETED,2018-11-23 03:39:59 +0000 UTC,2018-11-23 03:41:24 +0000 UTC,2018-11-23 03:46:57 +0000 UTC,1.64915955903964,6.62,BRL
493,UberX,COMPLETED,2018-11-20 22:18:35 +0000 UTC,2018-11-20 22:22:33 +0000 UTC,2018-11-20 22:39:50 +0000 UTC,4.19582172979579,11.46,BRL
493,UberX,COMPLETED,2018-11-18 03:39:04 +0000 UTC,2018-11-18 03:44:03 +0000 UTC,2018-11-18 03:48:25 +0000 UTC,1.56317628110015,6.62,BRL
493,UberX,COMPLETED,2018-11-17 21:27:21 +0000 UTC,2018-11-17 21:31:58 +0000 UTC,2018-11-17 21:42:40 +0000 UTC,2.06560162014004,8.38,BRL
493,UberX,COMPLETED,2018-11-15 05:21:05 +0000 UTC,2018-11-15 05:27:40 +0000 UTC,2018-11-15 05:38:49 +0000 UTC,4.0305431931,11.24,BRL
493,UberX,CANCELED,2018-11-15 05:07:49 +0000 UTC,1970-01-01 00:00:00 +0000 UTC,1970-01-01 00:00:00 +0000 UTC,0.0,0.0,BRL
493,UberX,DRIVER_CANCELED,2018-11-15 04:57:08 +0000 UTC,1970-01-01 00:00:00 +0000 UTC,1970-01-01 00:00:00 +0000 UTC,0.0,0.0,BRL
493,UberX,COMPLETED,2018-11-14 08:41:11 +0000 UTC,2018-11-14 08:57:18 +0000 UTC,2018-11-14 09:15:22 +0000 UTC,3.50252908,14.42,BRL
493,UberX,COMPLETED,2018-11-10 03:22:49 +0000 UTC,2018-11-10 03:27:49 +0000 UTC,2018-11-10 03:32:47 +0000 UTC,1.2020643484,8.79,BRL
493,UberX,COMPLETED,2018-11-09 22:39:32 +0000 UTC,2018-11-09 22:47:43 +0000 UTC,2018-11-09 23:05:42 +0000 UTC,2.8957265777,25.31,BRL
493,UberX,CANCELED,2018-11-09 22:26:01 +0000 UTC,1970-01-01 00:00:00 +0000 UTC,1970-01-01 00:00:00 +0000 UTC,0.0,0.0,BRL
493,UberX,COMPLETED,2018-11-09 19:18:41 +0000 UTC,2018-11-09 19:30:01 +0000 UTC,2018-11-09 20:00:16 +0000 UTC,3.7989289473,20.4,BRL
493,UberX,COMPLETED,2018-11-09 08:36:19 +0000 UTC,2018-11-09 08:44:29 +0000 UTC,2018-11-09 08:59:58 +0000 UTC,3.7365830831,12.31,BRL
493,UberX,COMPLETED,2018-11-08 22:27:24 +0000 UTC,2018-11-08 22:42:25 +0000 UTC,2018-11-08 22:58:56 +0000 UTC,3.5378346641,14.12,BRL
493,UberX,COMPLETED,2018-11-08 08:34:16 +0000 UTC,2018-11-08 08:45:10 +0000 UTC,2018-11-08 09:06:13 +0000 UTC,3.677030693,14.12,BRL
493,UberX,COMPLETED,2018-10-27 03:30:22 +0000 UTC,2018-10-27 03:34:56 +0000 UTC,2018-10-27 03:49:03 +0000 UTC,4.1689050596,15.55,BRL
493,UberX,COMPLETED,2018-10-26 15:29:18 +0000 UTC,2018-10-26 15:30:46 +0000 UTC,2018-10-26 15:45:30 +0000 UTC,5.2007044537,15.57,BRL
493,UberX,COMPLETED,2018-10-25 23:09:39 +0000 UTC,2018-10-25 23:13:39 +0000 UTC,2018-10-25 23:30:47 +0000 UTC,4.1977934108,13.24,BRL
493,UberX,COMPLETED,2018-10-25 09:29:25 +0000 UTC,2018-10-25 09:34:10 +0000 UTC,2018-10-25 09:52:05 +0000 UTC,3.6815177206,12.19,BRL
493,UberX,COMPLETED,2018-10-20 12:49:00 +0000 UTC,2018-10-20 12:52:59 +0000 UTC,2018-10-20 13:01:15 +0000 UTC,1.4370991133,5.87,BRL
493,UberX,COMPLETED,2018-10-19 20:07:51 +0000 UTC,2018-10-19 20:10:20 +0000 UTC,2018-10-19 20:42:51 +0000 UTC,4.1429391625,18.02,BRL
493,UberX,COMPLETED,2018-09-23 05:02:46 +0000 UTC,2018-09-23 05:13:06 +0000 UTC,2018-09-23 05:17:17 +0000 UTC,1.0736824632,9.03,BRL
493,UberX,COMPLETED,2018-09-22 23:44:19 +0000 UTC,2018-09-22 23:46:01 +0000 UTC,2018-09-22 23:53:38 +0000 UTC,1.1987842943,10.31,BRL
493,UberX,COMPLETED,2018-09-19 00:09:17 +0000 UTC,2018-09-19 00:13:20 +0000 UTC,2018-09-19 00:28:38 +0000 UTC,4.3376982407,13.2,BRL
493,UberX,COMPLETED,2018-09-08 04:49:16 +0000 UTC,2018-09-08 04:53:36 +0000 UTC,2018-09-08 04:56:07 +0000 UTC,0.740884006,6.76,BRL
493,UberX,COMPLETED,2018-09-07 23:44:43 +0000 UTC,2018-09-07 23:51:06 +0000 UTC,2018-09-07 23:57:40 +0000 UTC,1.2169078779,8.76,BRL
493,UberX,COMPLETED,2018-08-26 04:16:18 +0000 UTC,2018-08-26 04:21:39 +0000 UTC,2018-08-26 04:29:36 +0000 UTC,2.264943538,15.86,BRL
493,UberX,COMPLETED,2018-08-25 21:51:18 +0000 UTC,2018-08-25 21:54:42 +0000 UTC,2018-08-25 22:12:20 +0000 UTC,2.7820299027,10.9,BRL
493,UberX,COMPLETED,2018-08-10 18:17:03 +0000 UTC,2018-08-10 18:22:52 +0000 UTC,2018-08-10 18:40:08 +0000 UTC,3.4848071017,14.41,BRL
493,UberX,COMPLETED,2018-08-10 17:51:08 +0000 UTC,2018-08-10 17:54:50 +0000 UTC,2018-08-10 18:12:31 +0000 UTC,3.4372059995,14.7,BRL
493,UberX,COMPLETED,2018-07-30 18:44:37 +0000 UTC,2018-07-30 18:50:29 +0000 UTC,2018-07-30 18:56:56 +0000 UTC,1.4549016546,6.76,BRL
493,UberX,CANCELED,2018-07-30 18:41:12 +0000 UTC,1970-01-01 00:00:00 +0000 UTC,1970-01-01 00:00:00 +0000 UTC,0.0,0.0,BRL
493,UberX,COMPLETED,2018-07-21 07:26:39 +0000 UTC,2018-07-21 07:33:23 +0000 UTC,2018-07-21 07:36:30 +0000 UTC,0.7787727074,7.95,BRL
493,UberX,COMPLETED,2018-07-21 02:09:23 +0000 UTC,2018-07-21 02:11:25 +0000 UTC,2018-07-21 02:15:49 +0000 UTC,0.7203821074,6.75,BRL
493,UberX,COMPLETED,2018-07-20 22:24:41 +0000 UTC,2018-07-20 22:30:06 +0000 UTC,2018-07-20 22:37:34 +0000 UTC,1.2296177514,7.06,BRL
493,UberX,COMPLETED,2018-07-13 02:23:43 +0000 UTC,2018-07-13 02:29:00 +0000 UTC,2018-07-13 02:43:25 +0000 UTC,3.5115248168,14.53,BRL
493,UberX,COMPLETED,2018-07-04 01:30:56 +0000 UTC,2018-07-04 01:36:54 +0000 UTC,2018-07-04 01:39:46 +0000 UTC,0.9184060956,9.75,BRL
493,UberX,COMPLETED,2018-07-01 01:49:22 +0000 UTC,2018-07-01 01:55:10 +0000 UTC,2018-07-01 02:00:12 +0000 UTC,1.283572779,7.03,BRL
493,UberX,COMPLETED,2018-06-16 15:48:05 +0000 UTC,2018-06-16 15:51:36 +0000 UTC,2018-06-16 15:57:37 +0000 UTC,0.9545716403,6.75,BRL
493,UberX,COMPLETED,2018-06-15 23:39:21 +0000 UTC,2018-06-15 23:42:02 +0000 UTC,2018-06-15 23:52:59 +0000 UTC,1.9207786956,7.04,BRL
493,uberX,COMPLETED,2018-06-02 01:49:38 +0000 UTC,2018-06-02 01:52:19 +0000 UTC,2018-06-02 02:03:07 +0000 UTC,2.8884258650000003,11.08,BRL
493,uberX,COMPLETED,2018-05-19 03:16:47 +0000 UTC,2018-05-19 03:20:39 +0000 UTC,2018-05-19 03:41:34 +0000 UTC,5.5035014405,20.48,BRL
493,uberX,COMPLETED,2018-04-15 02:41:36 +0000 UTC,2018-04-15 02:46:30 +0000 UTC,2018-04-15 02:54:55 +0000 UTC,2.2806839812,18.93,BRL
493,uberX,COMPLETED,2018-04-01 04:34:57 +0000 UTC,2018-04-01 04:36:55 +0000 UTC,2018-04-01 04:40:25 +0000 UTC,0.7956430492000001,6.75,BRL
493,uberX,COMPLETED,2018-03-31 22:55:07 +0000 UTC,2018-03-31 23:00:03 +0000 UTC,2018-03-31 23:06:17 +0000 UTC,1.2792116813,6.96,BRL
458,UberEATS Marketplace,COMPLETED,2018-03-25 03:24:12 +0000 UTC,2018-03-25 03:24:37 +0000 UTC,2018-03-25 04:14:06 +0000 UTC,2.9850896914,79.7,BRL
458,UberEATS Marketplace,CANCELED,2018-03-24 03:58:30 +0000 UTC,2018-03-24 03:58:36 +0000 UTC,2018-03-24 05:16:54 +0000 UTC,1.3355964858,0.0,BRL
458,uberX,COMPLETED,2018-03-24 02:55:25 +0000 UTC,2018-03-24 03:05:48 +0000 UTC,2018-03-24 03:14:19 +0000 UTC,2.0546998449,9.51,BRL
493,uberX,COMPLETED,2018-03-09 13:39:16 +0000 UTC,2018-03-09 13:40:44 +0000 UTC,2018-03-09 13:47:39 +0000 UTC,0.8031038639,6.75,BRL
493,uberX,COMPLETED,2018-03-09 11:13:12 +0000 UTC,2018-03-09 11:19:39 +0000 UTC,2018-03-09 11:38:16 +0000 UTC,3.0319132469,27.69,BRL
493,uberX,COMPLETED,2018-03-03 04:41:55 +0000 UTC,2018-03-03 04:45:55 +0000 UTC,2018-03-03 04:49:01 +0000 UTC,0.9129461609,9.15,BRL
493,uberX,COMPLETED,2018-03-02 23:36:16 +0000 UTC,2018-03-02 23:38:55 +0000 UTC,2018-03-02 23:53:56 +0000 UTC,2.7847771162,11.2,BRL
493,uberX,COMPLETED,2018-03-02 09:42:37 +0000 UTC,2018-03-02 09:54:35 +0000 UTC,2018-03-02 10:15:12 +0000 UTC,3.6163024129,15.29,BRL
493,uberX,COMPLETED,2018-03-02 01:53:18 +0000 UTC,2018-03-02 01:59:01 +0000 UTC,2018-03-02 02:13:13 +0000 UTC,3.5018353801,14.16,BRL
493,uberX,COMPLETED,2018-03-01 09:48:11 +0000 UTC,2018-03-01 09:56:37 +0000 UTC,2018-03-01 10:11:33 +0000 UTC,3.7996533731,14.7,BRL
493,uberX,COMPLETED,2018-02-25 03:04:56 +0000 UTC,2018-02-25 03:11:57 +0000 UTC,2018-02-25 03:16:14 +0000 UTC,1.5740075511,10.86,BRL
493,uberX,COMPLETED,2018-02-24 22:28:53 +0000 UTC,2018-02-24 22:33:11 +0000 UTC,2018-02-24 22:45:15 +0000 UTC,1.6050519294,10.25,BRL
493,uberX,COMPLETED,2018-02-23 19:16:22 +0000 UTC,2018-02-23 19:19:49 +0000 UTC,2018-02-23 19:37:49 +0000 UTC,2.7285902,10.55,BRL
493,uberX,COMPLETED,2018-02-23 18:04:43 +0000 UTC,2018-02-23 18:07:33 +0000 UTC,2018-02-23 18:24:39 +0000 UTC,4.1158061897,13.27,BRL
493,uberX,CANCELED,2018-02-11 04:08:23 +0000 UTC,1970-01-01 00:00:00 +0000 UTC,1970-01-01 00:00:00 +0000 UTC,0.0,0.0,BRL
493,uberX,CANCELED,2018-02-11 04:00:02 +0000 UTC,1970-01-01 00:00:00 +0000 UTC,1970-01-01 00:00:00 +0000 UTC,0.0,6.0,BRL
493,uberX,COMPLETED,2018-02-11 00:30:45 +0000 UTC,2018-02-11 00:31:59 +0000 UTC,2018-02-11 00:48:21 +0000 UTC,2.1490849844,19.35,BRL
493,uberX,COMPLETED,2018-02-05 20:41:45 +0000 UTC,2018-02-05 20:52:03 +0000 UTC,2018-02-05 21:26:18 +0000 UTC,3.4424715769,21.63,BRL
493,uberX,COMPLETED,2018-02-02 21:14:54 +0000 UTC,2018-02-02 21:29:22 +0000 UTC,2018-02-02 21:36:28 +0000 UTC,1.2247397282,10.71,BRL
493,uberX,COMPLETED,2018-02-01 21:55:26 +0000 UTC,2018-02-01 22:01:45 +0000 UTC,2018-02-01 22:17:58 +0000 UTC,3.5521492237,15.04,BRL
493,uberX,COMPLETED,2018-01-31 19:07:35 +0000 UTC,2018-01-31 19:14:09 +0000 UTC,2018-01-31 19:31:34 +0000 UTC,3.5328498534,15.76,BRL
493,uberX,COMPLETED,2018-01-29 15:20:10 +0000 UTC,2018-01-29 15:26:42 +0000 UTC,2018-01-29 15:41:36 +0000 UTC,2.8687743668000003,11.44,BRL
493,uberX,COMPLETED,2018-01-29 14:37:44 +0000 UTC,2018-01-29 14:43:45 +0000 UTC,2018-01-29 14:57:12 +0000 UTC,2.0732730866,9.76,BRL
493,uberX,COMPLETED,2018-01-26 18:08:59 +0000 UTC,2018-01-26 18:12:02 +0000 UTC,2018-01-26 18:30:59 +0000 UTC,3.2706912967,13.46,BRL
493,uberX,COMPLETED,2018-01-26 10:20:44 +0000 UTC,2018-01-26 10:23:23 +0000 UTC,2018-01-26 10:38:07 +0000 UTC,3.0850956328,12.63,BRL
493,uberX,COMPLETED,2018-01-23 19:37:06 +0000 UTC,2018-01-23 19:39:21 +0000 UTC,2018-01-23 19:57:29 +0000 UTC,3.5116510658,14.84,BRL
493,uberX,COMPLETED,2018-01-23 08:52:28 +0000 UTC,2018-01-23 08:57:10 +0000 UTC,2018-01-23 09:13:37 +0000 UTC,3.6243984082,14.32,BRL
493,uberX,COMPLETED,2018-01-22 19:39:27 +0000 UTC,2018-01-22 19:45:39 +0000 UTC,2018-01-22 20:04:51 +0000 UTC,3.6956246121,16.28,BRL
493,uberX,COMPLETED,2018-01-22 10:21:16 +0000 UTC,2018-01-22 10:28:23 +0000 UTC,2018-01-22 10:43:55 +0000 UTC,3.32677187,12.94,BRL
493,uberX,COMPLETED,2018-01-18 12:41:14 +0000 UTC,2018-01-18 12:43:22 +0000 UTC,2018-01-18 12:54:16 +0000 UTC,2.4090927955,8.39,BRL
493,uberX,COMPLETED,2018-01-18 10:55:13 +0000 UTC,2018-01-18 11:00:44 +0000 UTC,2018-01-18 11:11:19 +0000 UTC,2.468858403,8.65,BRL
493,uberX,COMPLETED,2017-12-03 03:03:57 +0000 UTC,2017-12-03 03:08:13 +0000 UTC,2017-12-03 03:15:07 +0000 UTC,2.2526352456,9.89,BRL
493,uberX,COMPLETED,2017-11-17 01:04:04 +0000 UTC,2017-11-17 01:07:43 +0000 UTC,2017-11-17 01:13:39 +0000 UTC,1.5474416523,7.56,BRL
493,uberX,COMPLETED,2017-11-12 02:51:56 +0000 UTC,2017-11-12 02:57:52 +0000 UTC,2017-11-12 03:08:22 +0000 UTC,2.2200402838,16.61,BRL
493,uberX,COMPLETED,2017-11-11 21:22:09 +0000 UTC,2017-11-11 21:26:54 +0000 UTC,2017-11-11 21:39:03 +0000 UTC,2.1514014423,9.76,BRL
493,uberX,COMPLETED,2017-11-03 18:51:44 +0000 UTC,2017-11-03 18:53:09 +0000 UTC,2017-11-03 19:10:46 +0000 UTC,4.1252366181,16.84,BRL
493,uberX,COMPLETED,2017-11-03 08:57:08 +0000 UTC,2017-11-03 09:04:33 +0000 UTC,2017-11-03 09:19:44 +0000 UTC,3.9422485,14.05,BRL
493,uberX,COMPLETED,2017-11-01 23:49:02 +0000 UTC,2017-11-01 23:51:23 +0000 UTC,2017-11-02 00:05:04 +0000 UTC,3.7153853792,14.3,BRL
493,uberX,COMPLETED,2017-10-31 23:04:58 +0000 UTC,2017-10-31 23:11:44 +0000 UTC,2017-10-31 23:26:39 +0000 UTC,3.8318417393,13.28,BRL
493,uberX,COMPLETED,2017-10-31 16:32:30 +0000 UTC,2017-10-31 16:34:27 +0000 UTC,2017-10-31 16:54:38 +0000 UTC,5.1562193781,18.75,BRL
493,uberX,COMPLETED,2017-10-30 23:03:38 +0000 UTC,2017-10-30 23:08:00 +0000 UTC,2017-10-30 23:22:05 +0000 UTC,3.7046428216,14.19,BRL
493,uberX,COMPLETED,2017-10-27 23:51:20 +0000 UTC,2017-10-27 23:58:45 +0000 UTC,2017-10-28 00:11:44 +0000 UTC,3.6929025236,13.83,BRL
493,uberX,COMPLETED,2017-10-26 23:05:40 +0000 UTC,2017-10-26 23:11:26 +0000 UTC,2017-10-26 23:25:54 +0000 UTC,3.6756642578,14.42,BRL
493,uberX,COMPLETED,2017-10-26 16:11:09 +0000 UTC,2017-10-26 16:15:48 +0000 UTC,2017-10-26 16:34:45 +0000 UTC,5.4537736905,19.3,BRL
493,uberX,COMPLETED,2017-10-25 23:05:58 +0000 UTC,2017-10-25 23:09:52 +0000 UTC,2017-10-25 23:24:40 +0000 UTC,3.617906592,13.74,BRL
493,uberX,COMPLETED,2017-10-25 16:49:37 +0000 UTC,2017-10-25 16:51:23 +0000 UTC,2017-10-25 17:08:58 +0000 UTC,5.1492208128,19.73,BRL
493,uberX,COMPLETED,2017-10-24 23:04:43 +0000 UTC,2017-10-24 23:07:27 +0000 UTC,2017-10-24 23:21:35 +0000 UTC,3.5086607939,13.96,BRL
493,uberX,COMPLETED,2017-10-24 16:34:48 +0000 UTC,2017-10-24 16:39:06 +0000 UTC,2017-10-24 16:56:58 +0000 UTC,5.1528475655,19.5,BRL
493,uberX,COMPLETED,2017-10-23 15:36:07 +0000 UTC,2017-10-23 15:41:02 +0000 UTC,2017-10-23 15:52:28 +0000 UTC,4.1191453747,16.3,BRL
458,uberX,COMPLETED,2016-12-03 18:24:06 +0000 UTC,2016-12-03 18:32:15 +0000 UTC,2016-12-03 19:03:07 +0000 UTC,8.4558839202,49.61,BRL
458,uberX,CANCELED,2016-12-03 18:13:55 +0000 UTC,1970-01-01 00:00:00 +0000 UTC,1970-01-01 00:00:00 +0000 UTC,0.0,0.0,BRL
458,uberX,COMPLETED,2016-12-03 15:29:55 +0000 UTC,2016-12-03 15:39:06 +0000 UTC,2016-12-03 16:21:58 +0000 UTC,18.4250496537,55.11,BRL
493,uberX,COMPLETED,2016-11-27 07:02:03 +0000 UTC,2016-11-27 07:05:49 +0000 UTC,2016-11-27 07:16:54 +0000 UTC,3.1891082065,18.78,BRL
493,uberX,COMPLETED,2016-11-27 01:19:10 +0000 UTC,2016-11-27 01:23:27 +0000 UTC,2016-11-27 01:28:00 +0000 UTC,0.8156509042000001,7.0,BRL
493,uberX,COMPLETED,2016-11-26 18:01:43 +0000 UTC,2016-11-26 18:06:22 +0000 UTC,2016-11-26 18:15:27 +0000 UTC,3.016118001,11.69,BRL
493,uberX,COMPLETED,2016-11-02 06:02:09 +0000 UTC,2016-11-02 06:05:40 +0000 UTC,2016-11-02 06:14:41 +0000 UTC,2.6662586515,18.46,BRL
493,uberX,COMPLETED,2016-11-02 00:14:32 +0000 UTC,2016-11-02 00:16:16 +0000 UTC,2016-11-02 00:28:32 +0000 UTC,2.703156239,11.59,BRL
493,uberX,COMPLETED,2016-10-21 20:19:46 +0000 UTC,2016-10-21 20:24:05 +0000 UTC,2016-10-21 20:27:34 +0000 UTC,0.6883721306,11.9,BRL
493,uberX,COMPLETED,2016-10-08 22:49:46 +0000 UTC,2016-10-08 22:55:54 +0000 UTC,2016-10-08 23:02:44 +0000 UTC,1.1803364023,10.5,BRL
493,uberX,COMPLETED,2016-09-08 20:42:19 +0000 UTC,2016-09-08 20:43:34 +0000 UTC,2016-09-08 21:01:45 +0000 UTC,2.7998631633,13.0,BRL
458,uberx,COMPLETED,2016-09-08 03:08:01 +0000 UTC,2016-09-08 03:14:24 +0000 UTC,2016-09-08 03:27:32 +0000 UTC,3.7604780198,17.07,BRL
458,uberx,COMPLETED,2016-09-06 19:01:28 +0000 UTC,2016-09-06 19:06:08 +0000 UTC,2016-09-06 19:45:29 +0000 UTC,7.2056219219,29.62,BRL
493,uberX,COMPLETED,2016-09-06 12:24:28 +0000 UTC,2016-09-06 12:26:49 +0000 UTC,2016-09-06 12:39:10 +0000 UTC,2.2025726296,10.0,BRL
493,uberX,COMPLETED,2016-08-28 05:59:42 +0000 UTC,2016-08-28 06:01:39 +0000 UTC,2016-08-28 06:05:19 +0000 UTC,1.1496859246,7.0,BRL
493,uberX,COMPLETED,2016-08-27 21:11:15 +0000 UTC,2016-08-27 21:14:03 +0000 UTC,2016-08-27 21:21:45 +0000 UTC,1.2498270912,7.0,BRL
493,uberX,COMPLETED,2016-08-20 22:37:27 +0000 UTC,2016-08-20 22:46:58 +0000 UTC,2016-08-20 22:55:26 +0000 UTC,1.8268420506,8.0,BRL
493,uberX,COMPLETED,2016-08-06 07:10:39 +0000 UTC,2016-08-06 07:15:38 +0000 UTC,2016-08-06 07:22:55 +0000 UTC,2.5929240715,10.0,BRL
493,uberX,COMPLETED,2016-08-06 00:14:22 +0000 UTC,2016-08-06 00:17:21 +0000 UTC,2016-08-06 00:25:01 +0000 UTC,1.7856078236,8.0,BRL
493,uberX,CANCELED,2016-08-06 00:10:33 +0000 UTC,1970-01-01 00:00:00 +0000 UTC,1970-01-01 00:00:00 +0000 UTC,0.0,0.0,BRL
493,uberX,CANCELED,2016-08-06 00:08:48 +0000 UTC,1970-01-01 00:00:00 +0000 UTC,1970-01-01 00:00:00 +0000 UTC,0.0,0.0,BRL
493,uberX,CANCELED,2016-08-06 00:07:48 +0000 UTC,1970-01-01 00:00:00 +0000 UTC,1970-01-01 00:00:00 +0000 UTC,0.0,0.0,BRL
493,uberX,CANCELED,2016-08-06 00:05:34 +0000 UTC,1970-01-01 00:00:00 +0000 UTC,1970-01-01 00:00:00 +0000 UTC,0.0,0.0,BRL
493,uberX,CANCELED,2016-08-06 00:00:38 +0000 UTC,1970-01-01 00:00:00 +0000 UTC,1970-01-01 00:00:00 +0000 UTC,0.0,0.0,BRL
493,uberX,COMPLETED,2016-07-21 23:46:14 +0000 UTC,2016-07-21 23:50:40 +0000 UTC,2016-07-21 23:59:37 +0000 UTC,1.6089306342,8.32,BRL
493,uberX,COMPLETED,2016-07-16 06:33:19 +0000 UTC,2016-07-16 06:35:03 +0000 UTC,2016-07-16 06:38:40 +0000 UTC,0.778505589,7.0,BRL
493,uberX,COMPLETED,2016-07-16 00:49:09 +0000 UTC,2016-07-16 00:53:07 +0000 UTC,2016-07-16 00:56:17 +0000 UTC,0.6055973785000001,7.0,BRL
493,uberX,COMPLETED,2016-07-13 02:32:53 +0000 UTC,2016-07-13 02:35:16 +0000 UTC,2016-07-13 02:53:36 +0000 UTC,3.9509005923,15.77,BRL
493,uberX,COMPLETED,2016-07-03 05:25:42 +0000 UTC,2016-07-03 05:28:16 +0000 UTC,2016-07-03 05:32:18 +0000 UTC,1.0630232928,7.0,BRL
493,uberX,COMPLETED,2016-07-03 01:11:18 +0000 UTC,2016-07-03 01:14:33 +0000 UTC,2016-07-03 01:17:34 +0000 UTC,0.8800591645,7.0,BRL
493,uberX,COMPLETED,2016-07-03 00:20:15 +0000 UTC,2016-07-03 00:21:57 +0000 UTC,2016-07-03 00:27:45 +0000 UTC,1.0708043939,7.0,BRL
493,uberX,DRIVER_CANCELED,2016-07-03 00:01:18 +0000 UTC,2016-07-03 00:01:25 +0000 UTC,1970-01-01 00:00:00 +0000 UTC,0.0,7.0,BRL
493,uberX,COMPLETED,2016-07-02 16:42:03 +0000 UTC,2016-07-02 16:44:51 +0000 UTC,2016-07-02 16:53:04 +0000 UTC,1.5322694851,7.99,BRL
493,uberX,CANCELED,2016-06-29 20:02:06 +0000 UTC,1970-01-01 00:00:00 +0000 UTC,1970-01-01 00:00:00 +0000 UTC,0.0,0.0,BRL
493,uberX,COMPLETED,2016-06-26 05:02:34 +0000 UTC,2016-06-26 05:05:01 +0000 UTC,2016-06-26 05:07:41 +0000 UTC,0.6733234136,7.0,BRL
493,uberX,COMPLETED,2016-06-11 05:56:30 +0000 UTC,2016-06-11 06:11:11 +0000 UTC,2016-06-11 06:16:13 +0000 UTC,1.3938013816,7.02,BRL
493,uberX,COMPLETED,2016-06-10 22:45:49 +0000 UTC,2016-06-10 22:47:01 +0000 UTC,2016-06-10 22:56:45 +0000 UTC,1.2795308022,7.7,BRL
493,uberX,COMPLETED,2016-05-27 22:56:54 +0000 UTC,2016-05-27 23:01:28 +0000 UTC,2016-05-27 23:15:08 +0000 UTC,3.0203491656,12.63,BRL
493,uberX,COMPLETED,2016-04-22 00:18:59 +0000 UTC,2016-04-22 00:21:08 +0000 UTC,2016-04-22 00:29:17 +0000 UTC,1.7513367438,8.5,BRL
493,uberX,COMPLETED,2016-04-21 02:05:03 +0000 UTC,2016-04-21 02:16:47 +0000 UTC,2016-04-21 02:23:11 +0000 UTC,1.2406318114,7.0,BRL
493,uberX,COMPLETED,2016-04-20 17:08:48 +0000 UTC,2016-04-20 17:14:23 +0000 UTC,2016-04-20 17:19:08 +0000 UTC,1.2680363882,7.0,BRL
493,uberX,COMPLETED,2016-04-17 07:10:49 +0000 UTC,2016-04-17 07:14:40 +0000 UTC,2016-04-17 07:24:21 +0000 UTC,2.9524942771,11.67,BRL
493,uberX,COMPLETED,2016-04-17 01:48:43 +0000 UTC,2016-04-17 01:54:08 +0000 UTC,2016-04-17 02:08:38 +0000 UTC,3.5937289041,14.15,BRL
493,uberX,COMPLETED,2016-03-25 23:45:29 +0000 UTC,2016-03-25 23:48:07 +0000 UTC,2016-03-25 23:55:45 +0000 UTC,1.5735474429,7.98,BRL
493,uberX,COMPLETED,2016-03-20 03:53:38 +0000 UTC,2016-03-20 03:57:22 +0000 UTC,2016-03-20 04:05:43 +0000 UTC,1.2008223905,10.85,BRL
493,Black Car,COMPLETED,2016-03-05 04:16:10 +0000 UTC,2016-03-05 04:21:53 +0000 UTC,2016-03-05 04:32:04 +0000 UTC,2.8259205604,17.45,BRL
493,Black Car,COMPLETED,2016-02-14 06:32:28 +0000 UTC,2016-02-14 06:41:24 +0000 UTC,2016-02-14 06:44:47 +0000 UTC,0.7694191054,10.0,BRL
493,uberX,COMPLETED,2016-02-09 03:49:27 +0000 UTC,2016-02-09 03:51:13 +0000 UTC,2016-02-09 03:56:48 +0000 UTC,1.4753514876,10.99,BRL
493,Black Car,COMPLETED,2015-11-13 23:42:51 +0000 UTC,2015-11-13 23:47:00 +0000 UTC,2015-11-14 00:09:18 +0000 UTC,1.7656065120000002,17.0,BRL
493,Black Car,COMPLETED,2015-08-16 04:05:07 +0000 UTC,2015-08-16 04:23:04 +0000 UTC,2015-08-16 04:34:35 +0000 UTC,3.4445440507,30.0,BRL
493,Black Car,CANCELED,2015-07-16 22:01:52 +0000 UTC,1970-01-01 00:00:00 +0000 UTC,1970-01-01 00:00:00 +0000 UTC,0.0,0.0,BRL
493,,UNFULFILLED,2015-07-16 22:00:23 +0000 UTC,1970-01-01 00:00:00 +0000 UTC,1970-01-01 00:00:00 +0000 UTC,0.0,0.0,
493,Black Car,COMPLETED,2015-07-08 23:45:54 +0000 UTC,2015-07-08 23:52:28 +0000 UTC,2015-07-09 00:03:57 +0000 UTC,1.604149134,13.0,BRL
493,,UNFULFILLED,2015-06-28 01:17:32 +0000 UTC,1970-01-01 00:00:00 +0000 UTC,1970-01-01 00:00:00 +0000 UTC,0.0,0.0,
493,,UNFULFILLED,2015-06-28 01:17:07 +0000 UTC,1970-01-01 00:00:00 +0000 UTC,1970-01-01 00:00:00 +0000 UTC,0.0,0.0,
